{"relSlist":[[6.0950000000000153E-5,0.0012644699999999997,0.00285778,0.00126784,0.00046783999999999997,0.0024524200000000003,-0.0011087399999999998,0.0018033799999999998,0.0010033800000000001,-0.0016032199999999998,0.0010001300000000001,0.0013],[-2.9899999999805082E-6,-1.00000363,0.0013925799999999766,-0.99995631,-0.99995815,0.003723299999999985,-0.86833326,-0.49496367,-0.49496551000000005,-0.86951689,-0.49279001,-0.8702],[1.0000030199999999,1.2999999999818712E-6,0.99998148,0.0025562499999999821,0.00255728999999999,0.99992316,-0.49600364,0.86891962999999994,0.86892067,-0.49391451000000003,0.87015241999999993,-0.4927],[-8.51641679998627E-5,-0.2269130763399998,0.18303907512799977,-0.57602598846500008,-1.0241278388409998,0.18758107713600014,-1.397466686984,-1.0680316640069998,-1.516138004383,-1.3979827214810001,-1.862195883208,-1.21778847],[-4.9525040000000624E-6,-0.0002429483399999995,-2.7176160000000132E-6,-0.00065305713499999953,-0.00041496954299999951,0.00027453368800000081,-0.0011532387120000004,0.002335622479,0.004008920071,-0.00029174934300000047,0.004376071096,-0.00631241],[8.1042831999999956E-5,0.00041101451200000025,-0.0004624955720000008,0.001421383399000001,0.002755296831,-0.00037505777200000086,0.0052176683520000012,0.0035829212929999995,0.004005694725,0.0049663116590000014,0.0046335753999999993,0.00793573]],"relBlist":[[0.0013,0.001,-0.0015,0.001,0.0018,-0.0011,0.0024,0.0005,0.0013,0.0029,0.0013,0],[-0.8702,-0.4927,-0.8695,-0.4949,-0.4949,-0.8683,0.0038,-1,-1,0.0014,-1,0],[-0.4927,0.8702,-0.4939,0.8689,0.8689,-0.4959,1,0.0026,0.0026,1,0.0001,1],[-1.2178,-1.8621,-1.398,-1.516,-1.0679,-1.3976,0.1876,-1.0242,-0.5761,0.1831,-0.227,0],[-0.0063,0.0043,-0.0004,0.004,0.0023,-0.0012,0.0003,-0.0005,-0.0007,-0.0001,-0.0003,0],[0.0079,0.0046,0.005,0.004,0.0035,0.0052,-0.0005,0.0027,0.0014,-0.0005,0.0003,0]],"relM":[[-1,-0.0023,0.0013,-0.0073],[-0.0023,0.4927,-0.8702,-1.2179],[0.0013,-0.8702,-0.4927,-2.089],[0,0,0,1]],"Slist":[[0,0.0003,0.0012,0.0004,0.0012,-0.0024],[-0.0005,-1,-1,-0.0028,-1,-0.0042],[1,-0.0016,-0.0016,1,-0.0041,1],[0,0.3004,0.7485,-0.0014,1.0981,-0.1826],[-0.0009,0.0001,0.0009,-0.0007,0.0013,-0.0044],[-0,-0.0009,-0.001,-0,-0.0012,-0.0005]],"Blist":[[0.0024,0.0005,0.0013,0.0029,0.0013,0],[0.0038,-1,-1,0.0014,-1,0],[1,0.0026,0.0026,1,0.0001,1],[0.1876,-1.0242,-0.5761,0.1831,-0.227,0],[0.0003,-0.0005,-0.0007,-0.0001,-0.0003,0],[-0.0005,0.0027,0.0014,-0.0005,0.0003,0]],"M":[[1,0.0001,-0.0024,0.0012],[-0.0001,1,-0.0042,-0.1882],[0.0024,0.0042,1,1.3243],[0,0,0,1]],"Mlist":[[[1,0,0,0],[0,1,0,0],[0,0,1,0],[0,0,0.0775,1]],[[4.8965888601467475E-12,0,-1,0],[1,4.8965888601467475E-12,4.8965888601467475E-12,0],[4.8965888601467475E-12,-1,2.3976582465313225E-23,0],[0,-0.109,0.22199999999999998,1]],[[1,0,0,0],[0,1,1.1740346660404259E-34,0],[0,1.1740346660404259E-34,1,0],[-0.45000000000000007,0,-0.0305,1]],[[4.8965888601467475E-12,1,0,0],[-4.8965888601467475E-12,2.3976582465195819E-23,-1,0],[-1,4.8965888601467475E-12,4.8965888601467475E-12,0],[-0.26700000000000013,8.0779356694631609E-28,-0.075,1]],[[4.8965888601467475E-12,0,-1,0],[1,4.8965888601467475E-12,4.8965888601467475E-12,0],[4.8965888601467475E-12,-1,2.3976928654100554E-23,0],[0,-0.11399999999999999,0.082999999999999963,1]],[[4.8965888601467467E-12,1,-1.1740516174705233E-34,0],[-4.8965888601467467E-12,2.3976236276525895E-23,-1,0],[-1,4.8965888601467483E-12,4.8965888601467475E-12,0],[-0.16800000000000015,8.0779356694631609E-28,0.069000000000000034,1]],[[1,2.3481032349525446E-34,6.9237804428091471E-28,0],[2.3481032349525446E-34,1,0,0],[6.9237804428091471E-28,0,1,0],[-8.0779356694631609E-28,0,0.060000000000000053,1]]],"Glist":[[[11.8030102,0,0,0,0,0],[0,11.8030102,0,0,0,0],[0,0,11.8030102,0,0,0],[0,0,0,0.15418559,-2.35E-6,1.739E-5],[0,0,0,-2.35E-6,0.12937017,-0.04854267],[0,0,0,1.739E-5,-0.04854267,0.05964415]],[[7.99292141,0,0,0,0,0],[0,7.99292141,0,0,0,0],[0,0,7.99292141,0,0,0],[0,0,0,0.2935698,-4E-7,1.441E-5],[0,0,0,-4E-7,0.28094142,0.03727972],[0,0,0,1.441E-5,0.03727972,0.03620609]],[[2.99134127,0,0,0,0,0],[0,2.99134127,0,0,0,0],[0,0,2.99134127,0,0,0],[0,0,0,0.03424593,1.49E-6,7.24E-6],[0,0,0,1.49E-6,0.03406024,0.00186009],[0,0,0,7.24E-6,0.00186009,0.00450477]],[[2.12317035,0,0,0,0,0],[0,2.12317035,0,0,0,0],[0,0,2.12317035,0,0,0],[0,0,0,0.00670405,3.75E-6,1.5E-6],[0,0,0,3.75E-6,0.00279246,-0.00127967],[0,0,0,1.5E-6,-0.00127967,0.00619341]],[[2.28865091,0,0,0,0,0],[0,2.28865091,0,0,0,0],[0,0,2.28865091,0,0,0],[0,0,0,0.00994891,1.4E-7,3.21E-6],[0,0,0,1.4E-7,0.00978189,-0.00093546],[0,0,0,3.21E-6,-0.00093546,0.00271492]],[[0.40083918,0,0,0,0,0],[0,0.40083918,0,0,0,0],[0,0,0.40083918,0,0,0],[0,0,0,0.00043534,1.3E-7,-2E-8],[0,0,0,1.3E-7,0.00044549,5.1E-7],[0,0,0,-2E-8,5.1E-7,0.00059634]]],"Tbr":[[1,0,0,0],[0,0.5,0.866,0.1563],[0,-0.866,0.5,0.3772],[0,0,0,1]],"Tbl":[[-1,0,0,0],[-0,-0.5,-0.866,-0.1563],[0,-0.866,0.5,0.3772],[0,0,0,1]],"baseSlist":[[0,0.0003,0.0012,0.0004,0.0012,-0.0024],[-0.0005,-1,-1,-0.0028,-1,-0.0042],[1,-0.0016,-0.0016,1,-0.0041,1],[0,0.3004,0.7485,-0.0014,1.0981,-0.1826],[-0.0009,0.0001,0.0009,-0.0007,0.0013,-0.0044],[-0,-0.0009,-0.001,-0,-0.0012,-0.0005]],"baseBlist":[[0.0024,0.0005,0.0013,0.0029,0.0013,0],[0.0038,-1,-1,0.0014,-1,0],[1,0.0026,0.0026,1,0.0001,1],[0.1876,-1.0242,-0.5761,0.1831,-0.227,0],[0.0003,-0.0005,-0.0007,-0.0001,-0.0003,0],[-0.0005,0.0027,0.0014,-0.0005,0.0003,0]],"baseM":[[1,0.0001,-0.0024,0.0012],[-0.0001,1,-0.0042,-0.1882],[0.0024,0.0042,1,1.3243],[0,0,0,1]]}