{"Slist":[[8.3266726846886741E-17,0.30038697642509365,0.748510572234777,-0.0013684729951861374,1.0980765323567268,-0.18264501968971428],[-0.00090829989914868248,0.00010427658030235444,0.00088468654712384393,-0.00067348585526406685,0.0012781340567535973,-0.0043752570733017991],[-4.2802627524642866E-7,-0.00092475027616612513,-0.00095012037024220738,-1.3172535230498582E-6,-0.0011711910742577384,-0.00046257195359998218],[6.1679880427874083E-19,0.00034208429213241726,0.0011798420646237373,0.00043815319252815839,0.0011595490264954382,-0.0024313099129551659],[-0.00047123888059743928,-0.99999859282474879,-0.99999795524275259,-0.0028461605511860607,-0.99999075809523519,-0.0042282782775443723],[0.99999988896695235,-0.0016423540602255276,-0.00164240160017089,0.99999585368735233,-0.0041399480880709438,0.99998810512671332]],"Blist":[[0.18762219489284798,-1.0242416414921347,-0.576118944649798,0.18310765143072807,-0.2270152179630085,0],[0.0002666110986225893,-0.00045632095487296994,-0.00073960458194424674,-7.9643349721716765E-5,-0.00028683347302109388,0],[-0.00045709758744452207,0.0026580166109193247,0.001386804634939428,-0.00052528622030876008,0.00031899999883343863,0],[0.002430902540969697,0.00045222789196299753,0.0012899829954929711,0.0028693156936009804,0.0012636180375464312,0],[0.0037573081255796083,-0.999996556352289,-0.99999583196965669,0.0013824361424883021,-0.99999919797747383,0],[0.999989986624109,0.002585106090053206,0.0025830190060223079,0.9999949279360183,8.5521133243511964E-5,1]],"M":[[0.99999703896848746,0.00010385742435513583,-0.0024313099129551659,0.0011554268258390963],[-0.00011413708812990555,0.99999105427775337,-0.0042282782775443723,-0.18824687260650122],[0.0024308490250406268,0.0042285432601129533,0.99998810512671332,1.324324790501425],[0,0,0,1]],"Mlist":[[[1,4.8965888601467475E-12,1,4.8965888601467475E-12,4.8965888601467475E-12,4.8965888601467467E-12,1],[0,1,0,-4.8965888601467475E-12,1,-4.8965888601467467E-12,2.3481032349525446E-34],[0,4.8965888601467475E-12,0,-1,4.8965888601467475E-12,-1,6.9237804428091471E-28],[0,0,-0.45000000000000007,-0.26700000000000013,0,-0.16800000000000015,-8.0779356694631609E-28]],[[0,0,0,1,0,1,2.3481032349525446E-34],[1,4.8965888601467475E-12,1,2.3976582465195819E-23,4.8965888601467475E-12,2.3976236276525895E-23,1],[0,-1,1.1740346660404259E-34,4.8965888601467475E-12,-1,4.8965888601467483E-12,0],[0,-0.109,0,8.0779356694631609E-28,-0.11399999999999999,8.0779356694631609E-28,0]],[[0,-1,0,0,-1,-1.1740516174705233E-34,6.9237804428091471E-28],[0,4.8965888601467475E-12,1.1740346660404259E-34,-1,4.8965888601467475E-12,-1,0],[1,2.3976582465313225E-23,1,4.8965888601467475E-12,2.3976928654100554E-23,4.8965888601467475E-12,1],[0.0775,0.22199999999999998,-0.0305,-0.075,0.082999999999999963,0.069000000000000034,0.060000000000000053]],[[0,0,0,0,0,0,0],[0,0,0,0,0,0,0],[0,0,0,0,0,0,0],[1,1,1,1,1,1,1]]],"Glist":[[[11.8030102,7.99292141,2.99134127,2.12317035,2.28865091,0.40083918],[0,0,0,0,0,0],[0,0,0,0,0,0],[0,0,0,0,0,0],[0,0,0,0,0,0],[0,0,0,0,0,0]],[[0,0,0,0,0,0],[11.8030102,7.99292141,2.99134127,2.12317035,2.28865091,0.40083918],[0,0,0,0,0,0],[0,0,0,0,0,0],[0,0,0,0,0,0],[0,0,0,0,0,0]],[[0,0,0,0,0,0],[0,0,0,0,0,0],[11.8030102,7.99292141,2.99134127,2.12317035,2.28865091,0.40083918],[0,0,0,0,0,0],[0,0,0,0,0,0],[0,0,0,0,0,0]],[[0,0,0,0,0,0],[0,0,0,0,0,0],[0,0,0,0,0,0],[0.15418559,0.2935698,0.03424593,0.00670405,0.00994891,0.00043534],[-2.35E-6,-4E-7,1.49E-6,3.75E-6,1.4E-7,1.3E-7],[1.739E-5,1.441E-5,7.24E-6,1.5E-6,3.21E-6,-2E-8]],[[0,0,0,0,0,0],[0,0,0,0,0,0],[0,0,0,0,0,0],[-2.35E-6,-4E-7,1.49E-6,3.75E-6,1.4E-7,1.3E-7],[0.12937017,0.28094142,0.03406024,0.00279246,0.00978189,0.00044549],[-0.04854267,0.03727972,0.00186009,-0.00127967,-0.00093546,5.1E-7]],[[0,0,0,0,0,0],[0,0,0,0,0,0],[0,0,0,0,0,0],[1.739E-5,1.441E-5,7.24E-6,1.5E-6,3.21E-6,-2E-8],[-0.04854267,0.03727972,0.00186009,-0.00127967,-0.00093546,5.1E-7],[0.05964415,0.03620609,0.00450477,0.00619341,0.00271492,0.00059634]]]}